PRAGMA foreign_keys=OFF;
BEGIN TRANSACTION;
CREATE TABLE IF NOT EXISTS "schema_migrations" ("version" varchar NOT NULL PRIMARY KEY);
INSERT INTO schema_migrations VALUES('20200619185311');
INSERT INTO schema_migrations VALUES('20200619185427');
INSERT INTO schema_migrations VALUES('20200619185837');
INSERT INTO schema_migrations VALUES('20200619193022');
INSERT INTO schema_migrations VALUES('20200619193650');
INSERT INTO schema_migrations VALUES('20200619193721');
INSERT INTO schema_migrations VALUES('20200619193737');
INSERT INTO schema_migrations VALUES('20200620042743');
INSERT INTO schema_migrations VALUES('20200620045102');
CREATE TABLE IF NOT EXISTS "ar_internal_metadata" ("key" varchar NOT NULL PRIMARY KEY, "value" varchar, "created_at" datetime NOT NULL, "updated_at" datetime NOT NULL);
INSERT INTO ar_internal_metadata VALUES('environment','development','2020-07-23 01:59:21.368379','2020-07-23 01:59:21.368379');
CREATE TABLE IF NOT EXISTS "roles" ("id" integer PRIMARY KEY AUTOINCREMENT NOT NULL, "title" varchar, "created_at" datetime NOT NULL, "updated_at" datetime NOT NULL);
INSERT INTO roles VALUES(1,'admin','2020-07-23 01:59:24.656549','2020-07-23 01:59:24.656549');
INSERT INTO roles VALUES(2,'accountant','2020-07-23 01:59:24.683004','2020-07-23 01:59:24.683004');
INSERT INTO roles VALUES(3,'employee','2020-07-23 01:59:24.709098','2020-07-23 01:59:24.709098');
CREATE TABLE IF NOT EXISTS "users" ("id" integer PRIMARY KEY AUTOINCREMENT NOT NULL, "email" varchar, "title" varchar, "location_id" integer, "organization_id" integer, "manager_id" integer, "created_at" datetime NOT NULL, "updated_at" datetime NOT NULL);
INSERT INTO users VALUES(1,'alice@foo.com','CEO',1,1,NULL,'2020-07-23 01:59:24.803843','2020-07-23 01:59:24.803843');
INSERT INTO users VALUES(2,'keri@foo.com','CFO',3,1,1,'2020-07-23 01:59:24.849942','2020-07-23 01:59:24.849942');
INSERT INTO users VALUES(3,'bhavik@foo.com','Senior Accountant',1,1,2,'2020-07-23 01:59:24.893020','2020-07-23 01:59:24.893020');
INSERT INTO users VALUES(4,'cora@foo.com','Accountant',1,1,3,'2020-07-23 01:59:24.935930','2020-07-23 01:59:24.935930');
INSERT INTO users VALUES(5,'deirdre@foo.com','Director of Engineering',1,1,1,'2020-07-23 01:59:24.986995','2020-07-23 01:59:24.986995');
INSERT INTO users VALUES(6,'ebrahim@foo.com','Engineering Manager',1,1,5,'2020-07-23 01:59:25.045160','2020-07-23 01:59:25.045160');
INSERT INTO users VALUES(7,'frantz@foo.com','Software Engineer',1,1,6,'2020-07-23 01:59:25.082724','2020-07-23 01:59:25.082724');
INSERT INTO users VALUES(8,'greta@foo.com','Director of Sales',1,1,1,'2020-07-23 01:59:25.116264','2020-07-23 01:59:25.116264');
INSERT INTO users VALUES(9,'han@foo.com','Regional Sales Manager',2,1,8,'2020-07-23 01:59:25.169940','2020-07-23 01:59:25.169940');
INSERT INTO users VALUES(10,'iqbal@foo.com','Sales Rep',2,1,9,'2020-07-23 01:59:25.213552','2020-07-23 01:59:25.213552');
INSERT INTO users VALUES(11,'jose@foo.com','Accountant',2,1,3,'2020-07-23 01:59:25.257120','2020-07-23 01:59:25.257120');
INSERT INTO users VALUES(12,'lola@foo.com','CTO',3,1,1,'2020-07-23 01:59:25.299858','2020-07-23 01:59:25.299858');
INSERT INTO users VALUES(13,'matz@foo.com','CEO',1,2,NULL,'2020-07-23 01:59:30.488827','2020-07-23 01:59:30.488827');
CREATE TABLE IF NOT EXISTS "roles_users" ("user_id" integer NOT NULL, "role_id" integer NOT NULL);
INSERT INTO roles_users VALUES(1,1);
INSERT INTO roles_users VALUES(2,1);
INSERT INTO roles_users VALUES(3,2);
INSERT INTO roles_users VALUES(4,2);
INSERT INTO roles_users VALUES(5,3);
INSERT INTO roles_users VALUES(6,3);
INSERT INTO roles_users VALUES(7,3);
INSERT INTO roles_users VALUES(8,3);
INSERT INTO roles_users VALUES(9,3);
INSERT INTO roles_users VALUES(10,3);
INSERT INTO roles_users VALUES(11,2);
INSERT INTO roles_users VALUES(12,1);
INSERT INTO roles_users VALUES(13,1);
CREATE TABLE IF NOT EXISTS "expenses" ("id" integer PRIMARY KEY AUTOINCREMENT NOT NULL, "user_id" integer, "amount" integer, "description" varchar, "project_id" integer, "created_at" datetime NOT NULL, "updated_at" datetime NOT NULL, CONSTRAINT "fk_rails_c3ee69df61"
FOREIGN KEY ("user_id")
  REFERENCES "users" ("id")
, CONSTRAINT "fk_rails_f097e0a9ca"
FOREIGN KEY ("project_id")
  REFERENCES "projects" ("id")
);
INSERT INTO expenses VALUES(1,4,64165,'Trust fund pour-over.',6,'2020-07-23 01:59:26.793029','2020-07-23 01:59:26.793029');
INSERT INTO expenses VALUES(2,1,17743,'Pug irony.',8,'2020-07-23 01:59:26.829541','2020-07-23 01:59:26.829541');
INSERT INTO expenses VALUES(3,12,8092,'Gastropub viral.',7,'2020-07-23 01:59:26.862951','2020-07-23 01:59:26.862951');
INSERT INTO expenses VALUES(4,3,55013,'Intelligentsia health.',2,'2020-07-23 01:59:26.902323','2020-07-23 01:59:26.902323');
INSERT INTO expenses VALUES(5,11,7703,'Paleo kickstarter.',3,'2020-07-23 01:59:26.944763','2020-07-23 01:59:26.944763');
INSERT INTO expenses VALUES(6,10,6022,'Plaid tote bag.',3,'2020-07-23 01:59:26.977392','2020-07-23 01:59:26.977392');
INSERT INTO expenses VALUES(7,4,1075,'Locavore migas.',5,'2020-07-23 01:59:27.006154','2020-07-23 01:59:27.006154');
INSERT INTO expenses VALUES(8,2,72414,'Diy semiotics.',7,'2020-07-23 01:59:27.055030','2020-07-23 01:59:27.055030');
INSERT INTO expenses VALUES(9,5,62919,'Retro pabst.',6,'2020-07-23 01:59:27.097562','2020-07-23 01:59:27.097562');
INSERT INTO expenses VALUES(10,12,82684,'Shabby chic brooklyn.',7,'2020-07-23 01:59:27.132183','2020-07-23 01:59:27.132183');
INSERT INTO expenses VALUES(11,9,20696,'Biodiesel chartreuse.',1,'2020-07-23 01:59:27.165553','2020-07-23 01:59:27.165553');
INSERT INTO expenses VALUES(12,5,29639,'Swag cornhole.',5,'2020-07-23 01:59:27.210909','2020-07-23 01:59:27.210909');
INSERT INTO expenses VALUES(13,10,92267,'Tilde ramps.',1,'2020-07-23 01:59:27.248681','2020-07-23 01:59:27.248681');
INSERT INTO expenses VALUES(14,9,75724,'Yolo butcher.',1,'2020-07-23 01:59:27.277687','2020-07-23 01:59:27.277687');
INSERT INTO expenses VALUES(15,10,40051,'Carry pinterest.',1,'2020-07-23 01:59:27.316445','2020-07-23 01:59:27.316445');
INSERT INTO expenses VALUES(16,12,60910,'Food truck ethical.',7,'2020-07-23 01:59:27.355072','2020-07-23 01:59:27.355072');
INSERT INTO expenses VALUES(17,5,35384,'Polaroid mlkshk.',8,'2020-07-23 01:59:27.394964','2020-07-23 01:59:27.394964');
INSERT INTO expenses VALUES(18,6,42905,'Sustainable humblebrag.',6,'2020-07-23 01:59:27.436173','2020-07-23 01:59:27.436173');
INSERT INTO expenses VALUES(19,7,53212,'Ugh master.',5,'2020-07-23 01:59:27.472859','2020-07-23 01:59:27.472859');
INSERT INTO expenses VALUES(20,1,55754,'Bitters hashtag.',8,'2020-07-23 01:59:27.507571','2020-07-23 01:59:27.507571');
INSERT INTO expenses VALUES(21,12,4376,'8-bit dreamcatcher.',7,'2020-07-23 01:59:27.548086','2020-07-23 01:59:27.548086');
INSERT INTO expenses VALUES(22,3,8772,'Blog vhs.',2,'2020-07-23 01:59:27.582775','2020-07-23 01:59:27.582775');
INSERT INTO expenses VALUES(23,5,93244,'Gentrify flannel.',5,'2020-07-23 01:59:27.611932','2020-07-23 01:59:27.611932');
INSERT INTO expenses VALUES(24,3,13393,'Blog distillery.',6,'2020-07-23 01:59:27.647973','2020-07-23 01:59:27.647973');
INSERT INTO expenses VALUES(25,2,70243,'Vinegar meh.',7,'2020-07-23 01:59:27.689016','2020-07-23 01:59:27.689016');
INSERT INTO expenses VALUES(26,9,4656,'Portland semiotics.',1,'2020-07-23 01:59:27.718580','2020-07-23 01:59:27.718580');
INSERT INTO expenses VALUES(27,2,28668,'Sartorial mlkshk.',7,'2020-07-23 01:59:27.748297','2020-07-23 01:59:27.748297');
INSERT INTO expenses VALUES(28,8,59060,'Cornhole meh.',8,'2020-07-23 01:59:27.789877','2020-07-23 01:59:27.789877');
INSERT INTO expenses VALUES(29,4,3914,'Beard narwhal.',5,'2020-07-23 01:59:27.831786','2020-07-23 01:59:27.831786');
INSERT INTO expenses VALUES(30,8,73241,'Flexitarian farm-to-table.',8,'2020-07-23 01:59:27.867501','2020-07-23 01:59:27.867501');
INSERT INTO expenses VALUES(31,10,84047,'Chambray vice.',1,'2020-07-23 01:59:27.899671','2020-07-23 01:59:27.899671');
INSERT INTO expenses VALUES(32,6,22716,'Occupy bespoke.',2,'2020-07-23 01:59:27.937669','2020-07-23 01:59:27.937669');
INSERT INTO expenses VALUES(33,11,46972,'You probably haven''t heard of them mustache.',3,'2020-07-23 01:59:27.969329','2020-07-23 01:59:27.969329');
INSERT INTO expenses VALUES(34,8,71749,'Church-key locavore.',8,'2020-07-23 01:59:28.015755','2020-07-23 01:59:28.015755');
INSERT INTO expenses VALUES(35,12,93152,'Sustainable portland.',7,'2020-07-23 01:59:28.054563','2020-07-23 01:59:28.054563');
INSERT INTO expenses VALUES(36,3,94527,'Diy chillwave.',6,'2020-07-23 01:59:28.088886','2020-07-23 01:59:28.088886');
INSERT INTO expenses VALUES(37,6,62378,'Vhs poutine.',2,'2020-07-23 01:59:28.129478','2020-07-23 01:59:28.129478');
INSERT INTO expenses VALUES(38,6,33062,'Etsy scenester.',5,'2020-07-23 01:59:28.163469','2020-07-23 01:59:28.163469');
INSERT INTO expenses VALUES(39,12,73320,'Vhs carry.',7,'2020-07-23 01:59:28.197837','2020-07-23 01:59:28.197837');
INSERT INTO expenses VALUES(40,9,67408,'Slow-carb art party.',3,'2020-07-23 01:59:28.245418','2020-07-23 01:59:28.245418');
INSERT INTO expenses VALUES(41,11,63633,'Banh mi cleanse.',3,'2020-07-23 01:59:28.282211','2020-07-23 01:59:28.282211');
INSERT INTO expenses VALUES(42,1,21737,'Selfies loko.',5,'2020-07-23 01:59:28.316213','2020-07-23 01:59:28.316213');
INSERT INTO expenses VALUES(43,1,45714,'Phlogiston hoodie.',8,'2020-07-23 01:59:28.355364','2020-07-23 01:59:28.355364');
INSERT INTO expenses VALUES(44,11,81268,'Slow-carb tote bag.',3,'2020-07-23 01:59:28.390195','2020-07-23 01:59:28.390195');
INSERT INTO expenses VALUES(45,1,79875,'Waistcoat lumbersexual.',6,'2020-07-23 01:59:28.429581','2020-07-23 01:59:28.429581');
INSERT INTO expenses VALUES(46,8,77942,'Echo polaroid.',9,'2020-07-23 01:59:28.470106','2020-07-23 01:59:28.470106');
INSERT INTO expenses VALUES(47,3,82163,'Deep v migas.',6,'2020-07-23 01:59:28.510865','2020-07-23 01:59:28.510865');
INSERT INTO expenses VALUES(48,12,54165,'Swag trust fund.',4,'2020-07-23 01:59:28.542343','2020-07-23 01:59:28.542343');
INSERT INTO expenses VALUES(49,2,10209,'Whatever viral.',7,'2020-07-23 01:59:28.578791','2020-07-23 01:59:28.578791');
INSERT INTO expenses VALUES(50,3,21358,'Farm-to-table lomo.',5,'2020-07-23 01:59:28.610228','2020-07-23 01:59:28.610228');
INSERT INTO expenses VALUES(51,7,90780,'Typewriter carry.',2,'2020-07-23 01:59:28.649679','2020-07-23 01:59:28.649679');
INSERT INTO expenses VALUES(52,11,22351,'Quinoa neutra.',1,'2020-07-23 01:59:28.672660','2020-07-23 01:59:28.672660');
INSERT INTO expenses VALUES(53,7,12513,'Squid iphone.',6,'2020-07-23 01:59:28.715897','2020-07-23 01:59:28.715897');
INSERT INTO expenses VALUES(54,3,74361,'Vhs mumblecore.',8,'2020-07-23 01:59:28.756867','2020-07-23 01:59:28.756867');
INSERT INTO expenses VALUES(55,11,56747,'Iphone salvia.',1,'2020-07-23 01:59:28.783876','2020-07-23 01:59:28.783876');
INSERT INTO expenses VALUES(56,11,97009,'Crucifix distillery.',1,'2020-07-23 01:59:28.824702','2020-07-23 01:59:28.824702');
INSERT INTO expenses VALUES(57,5,62993,'Bicycle rights quinoa.',9,'2020-07-23 01:59:28.864023','2020-07-23 01:59:28.864023');
INSERT INTO expenses VALUES(58,5,47652,'Pbr&b leggings.',2,'2020-07-23 01:59:28.908834','2020-07-23 01:59:28.908834');
INSERT INTO expenses VALUES(59,2,53979,'Xoxo celiac.',4,'2020-07-23 01:59:28.941396','2020-07-23 01:59:28.941396');
INSERT INTO expenses VALUES(60,12,47715,'Tousled ugh.',7,'2020-07-23 01:59:28.966652','2020-07-23 01:59:28.966652');
INSERT INTO expenses VALUES(61,3,40337,'Tofu viral.',5,'2020-07-23 01:59:28.994543','2020-07-23 01:59:28.994543');
INSERT INTO expenses VALUES(62,4,74212,'Forage master.',2,'2020-07-23 01:59:29.023798','2020-07-23 01:59:29.023798');
INSERT INTO expenses VALUES(63,2,2836,'Echo drinking.',10,'2020-07-23 01:59:29.061061','2020-07-23 01:59:29.061061');
INSERT INTO expenses VALUES(64,10,34003,'Irony portland.',3,'2020-07-23 01:59:29.101656','2020-07-23 01:59:29.101656');
INSERT INTO expenses VALUES(65,12,44382,'Post-ironic stumptown.',4,'2020-07-23 01:59:29.135824','2020-07-23 01:59:29.135824');
INSERT INTO expenses VALUES(66,2,89275,'Phlogiston church-key.',4,'2020-07-23 01:59:29.169962','2020-07-23 01:59:29.169962');
INSERT INTO expenses VALUES(67,12,52967,'Mlkshk flannel.',7,'2020-07-23 01:59:29.197831','2020-07-23 01:59:29.197831');
INSERT INTO expenses VALUES(68,12,18522,'Synth green juice.',10,'2020-07-23 01:59:29.238667','2020-07-23 01:59:29.238667');
INSERT INTO expenses VALUES(69,12,4736,'Fashion axe semiotics.',4,'2020-07-23 01:59:29.274958','2020-07-23 01:59:29.274958');
INSERT INTO expenses VALUES(70,8,46020,'Bitters ennui.',8,'2020-07-23 01:59:29.311330','2020-07-23 01:59:29.311330');
INSERT INTO expenses VALUES(71,12,7245,'Williamsburg butcher.',10,'2020-07-23 01:59:29.345242','2020-07-23 01:59:29.345242');
INSERT INTO expenses VALUES(72,9,46437,'Polaroid occupy.',3,'2020-07-23 01:59:29.381216','2020-07-23 01:59:29.381216');
INSERT INTO expenses VALUES(73,12,57370,'Pop-up flexitarian.',4,'2020-07-23 01:59:29.421942','2020-07-23 01:59:29.421942');
INSERT INTO expenses VALUES(74,8,92729,'Tattooed brunch.',8,'2020-07-23 01:59:29.444160','2020-07-23 01:59:29.444160');
INSERT INTO expenses VALUES(75,2,40273,'Vinegar polaroid.',7,'2020-07-23 01:59:29.471505','2020-07-23 01:59:29.471505');
INSERT INTO expenses VALUES(76,10,48961,'Truffaut wolf.',1,'2020-07-23 01:59:29.506802','2020-07-23 01:59:29.506802');
INSERT INTO expenses VALUES(77,12,19606,'Lumbersexual tofu.',7,'2020-07-23 01:59:29.530067','2020-07-23 01:59:29.530067');
INSERT INTO expenses VALUES(78,2,1413,'Wes anderson drinking.',10,'2020-07-23 01:59:29.556927','2020-07-23 01:59:29.556927');
INSERT INTO expenses VALUES(79,9,27631,'Intelligentsia iphone.',1,'2020-07-23 01:59:29.612244','2020-07-23 01:59:29.612244');
INSERT INTO expenses VALUES(80,12,8181,'Selfies kogi.',10,'2020-07-23 01:59:29.658125','2020-07-23 01:59:29.658125');
INSERT INTO expenses VALUES(81,6,35172,'Skateboard synth.',9,'2020-07-23 01:59:29.698597','2020-07-23 01:59:29.698597');
INSERT INTO expenses VALUES(82,3,50251,'Umami fingerstache.',6,'2020-07-23 01:59:29.735382','2020-07-23 01:59:29.735382');
INSERT INTO expenses VALUES(83,7,85491,'Mumblecore sriracha.',9,'2020-07-23 01:59:29.782195','2020-07-23 01:59:29.782195');
INSERT INTO expenses VALUES(84,5,23815,'Deep v mlkshk.',9,'2020-07-23 01:59:29.812659','2020-07-23 01:59:29.812659');
INSERT INTO expenses VALUES(85,3,67684,'Church-key wes anderson.',9,'2020-07-23 01:59:29.853565','2020-07-23 01:59:29.853565');
INSERT INTO expenses VALUES(86,5,91711,'Williamsburg vhs.',6,'2020-07-23 01:59:29.885666','2020-07-23 01:59:29.885666');
INSERT INTO expenses VALUES(87,6,11407,'Mustache heirloom.',5,'2020-07-23 01:59:29.929122','2020-07-23 01:59:29.929122');
INSERT INTO expenses VALUES(88,1,58385,'Street shabby chic.',8,'2020-07-23 01:59:29.958955','2020-07-23 01:59:29.958955');
INSERT INTO expenses VALUES(89,5,31278,'Neutra bitters.',9,'2020-07-23 01:59:29.999538','2020-07-23 01:59:29.999538');
INSERT INTO expenses VALUES(90,9,43679,'Microdosing polaroid.',3,'2020-07-23 01:59:30.031723','2020-07-23 01:59:30.031723');
INSERT INTO expenses VALUES(91,12,13581,'Listicle squid.',7,'2020-07-23 01:59:30.072248','2020-07-23 01:59:30.072248');
INSERT INTO expenses VALUES(92,4,72905,'Whatever truffaut.',6,'2020-07-23 01:59:30.102800','2020-07-23 01:59:30.102800');
INSERT INTO expenses VALUES(93,7,83728,'Neutra banh mi.',6,'2020-07-23 01:59:30.135553','2020-07-23 01:59:30.135553');
INSERT INTO expenses VALUES(94,2,40782,'Taxidermy retro.',10,'2020-07-23 01:59:30.164569','2020-07-23 01:59:30.164569');
INSERT INTO expenses VALUES(95,9,90313,'Literally sartorial.',1,'2020-07-23 01:59:30.199102','2020-07-23 01:59:30.199102');
INSERT INTO expenses VALUES(96,4,71548,'Stumptown portland.',5,'2020-07-23 01:59:30.234590','2020-07-23 01:59:30.234590');
INSERT INTO expenses VALUES(97,9,19812,'90''s helvetica.',3,'2020-07-23 01:59:30.274835','2020-07-23 01:59:30.274835');
INSERT INTO expenses VALUES(98,12,7354,'Dreamcatcher yolo.',4,'2020-07-23 01:59:30.304072','2020-07-23 01:59:30.304072');
INSERT INTO expenses VALUES(99,7,81731,'Yr literally.',9,'2020-07-23 01:59:30.348982','2020-07-23 01:59:30.348982');
INSERT INTO expenses VALUES(100,8,43546,'Blue bottle pug.',9,'2020-07-23 01:59:30.391978','2020-07-23 01:59:30.391978');
INSERT INTO expenses VALUES(101,13,45476,'Hire a copywriter to create some job postings.',11,'2020-07-23 01:59:30.560484','2020-07-23 01:59:30.560484');
CREATE TABLE IF NOT EXISTS "projects" ("id" integer PRIMARY KEY AUTOINCREMENT NOT NULL, "team_id" integer, "location_id" integer, "name" varchar, "created_at" datetime NOT NULL, "updated_at" datetime NOT NULL);
INSERT INTO projects VALUES(1,3,2,'Equity Investment Instruments','2020-07-23 01:59:26.410163','2020-07-23 01:59:26.410163');
INSERT INTO projects VALUES(2,1,1,'Clothing & Accessories','2020-07-23 01:59:26.453004','2020-07-23 01:59:26.453004');
INSERT INTO projects VALUES(3,2,2,'Medical Supplies','2020-07-23 01:59:26.477936','2020-07-23 01:59:26.477936');
INSERT INTO projects VALUES(4,3,3,'Apparel Retailers','2020-07-23 01:59:26.506309','2020-07-23 01:59:26.506309');
INSERT INTO projects VALUES(5,2,1,'Medical Supplies','2020-07-23 01:59:26.537835','2020-07-23 01:59:26.537835');
INSERT INTO projects VALUES(6,3,1,'Electronic Equipment','2020-07-23 01:59:26.587487','2020-07-23 01:59:26.587487');
INSERT INTO projects VALUES(7,1,3,'Iron & Steel','2020-07-23 01:59:26.625163','2020-07-23 01:59:26.625163');
INSERT INTO projects VALUES(8,3,1,'Reinsurance','2020-07-23 01:59:26.666440','2020-07-23 01:59:26.666440');
INSERT INTO projects VALUES(9,3,1,'Forestry','2020-07-23 01:59:26.696504','2020-07-23 01:59:26.696504');
INSERT INTO projects VALUES(10,2,3,'Brewers','2020-07-23 01:59:26.731228','2020-07-23 01:59:26.731228');
INSERT INTO projects VALUES(11,5,1,'Hire first employee','2020-07-23 01:59:30.528606','2020-07-23 01:59:30.528606');
CREATE TABLE IF NOT EXISTS "teams" ("id" integer PRIMARY KEY AUTOINCREMENT NOT NULL, "name" varchar, "organization_id" integer, "created_at" datetime NOT NULL, "updated_at" datetime NOT NULL, CONSTRAINT "fk_rails_f07f0bd66d"
FOREIGN KEY ("organization_id")
  REFERENCES "organizations" ("id")
);
INSERT INTO teams VALUES(1,'Engineering',1,'2020-07-23 01:59:24.535388','2020-07-23 01:59:24.535388');
INSERT INTO teams VALUES(2,'Leadership',1,'2020-07-23 01:59:24.568823','2020-07-23 01:59:24.568823');
INSERT INTO teams VALUES(3,'Finance',1,'2020-07-23 01:59:24.593442','2020-07-23 01:59:24.593442');
INSERT INTO teams VALUES(4,'Sales',1,'2020-07-23 01:59:24.615934','2020-07-23 01:59:24.615934');
INSERT INTO teams VALUES(5,'Leadership',2,'2020-07-23 01:59:30.447400','2020-07-23 01:59:30.447400');
CREATE TABLE IF NOT EXISTS "organizations" ("id" integer PRIMARY KEY AUTOINCREMENT NOT NULL, "name" varchar, "created_at" datetime NOT NULL, "updated_at" datetime NOT NULL);
INSERT INTO organizations VALUES(1,'Foo Industries','2020-07-23 01:59:24.481020','2020-07-23 01:59:24.481020');
INSERT INTO organizations VALUES(2,'Bar, Inc.','2020-07-23 01:59:30.418613','2020-07-23 01:59:30.418613');
CREATE TABLE IF NOT EXISTS "locations" ("id" integer PRIMARY KEY AUTOINCREMENT NOT NULL, "name" varchar, "created_at" datetime NOT NULL, "updated_at" datetime NOT NULL);
INSERT INTO locations VALUES(1,'NYC','2020-07-23 01:59:24.383830','2020-07-23 01:59:24.383830');
INSERT INTO locations VALUES(2,'Milwaukee','2020-07-23 01:59:24.411004','2020-07-23 01:59:24.411004');
INSERT INTO locations VALUES(3,'Crestone','2020-07-23 01:59:24.444765','2020-07-23 01:59:24.444765');
CREATE TABLE IF NOT EXISTS "teams_users" ("user_id" integer NOT NULL, "team_id" integer NOT NULL);
INSERT INTO teams_users VALUES(1,2);
INSERT INTO teams_users VALUES(2,2);
INSERT INTO teams_users VALUES(3,3);
INSERT INTO teams_users VALUES(4,3);
INSERT INTO teams_users VALUES(5,1);
INSERT INTO teams_users VALUES(6,1);
INSERT INTO teams_users VALUES(7,1);
INSERT INTO teams_users VALUES(8,4);
INSERT INTO teams_users VALUES(9,4);
INSERT INTO teams_users VALUES(10,4);
INSERT INTO teams_users VALUES(11,3);
INSERT INTO teams_users VALUES(12,2);
INSERT INTO teams_users VALUES(13,5);
DELETE FROM sqlite_sequence;
INSERT INTO sqlite_sequence VALUES('locations',3);
INSERT INTO sqlite_sequence VALUES('organizations',2);
INSERT INTO sqlite_sequence VALUES('teams',5);
INSERT INTO sqlite_sequence VALUES('roles',3);
INSERT INTO sqlite_sequence VALUES('users',13);
INSERT INTO sqlite_sequence VALUES('projects',11);
INSERT INTO sqlite_sequence VALUES('expenses',101);
CREATE INDEX "index_users_on_location_id" ON "users" ("location_id");
CREATE INDEX "index_users_on_organization_id" ON "users" ("organization_id");
CREATE INDEX "index_users_on_manager_id" ON "users" ("manager_id");
CREATE INDEX "index_roles_users_on_user_id" ON "roles_users" ("user_id");
CREATE INDEX "index_roles_users_on_role_id" ON "roles_users" ("role_id");
CREATE INDEX "index_expenses_on_user_id" ON "expenses" ("user_id");
CREATE INDEX "index_expenses_on_project_id" ON "expenses" ("project_id");
CREATE INDEX "index_projects_on_team_id" ON "projects" ("team_id");
CREATE INDEX "index_projects_on_location_id" ON "projects" ("location_id");
CREATE INDEX "index_teams_on_organization_id" ON "teams" ("organization_id");
CREATE INDEX "index_teams_users_on_user_id" ON "teams_users" ("user_id");
CREATE INDEX "index_teams_users_on_team_id" ON "teams_users" ("team_id");
COMMIT;
